CREATE TABLE BRANCH

(
BRANCH_NAME VARCHAR2(50),
BRANCH_CITY VARCHAR2(50),
ASSETS NUMBER(10,2),
PRIMARY KEY(BRANCH_NAME)
);
CREATE TABLE ACCOUNT
(  
ACCOUNT_NO NUMBER(10,2),
BRANCH_NAME VARCHAR2(50),
BALANCE NUMBER(10,2),
PRIMARY KEY(ACCOUNT_NO),
FOREIGN KEY(BRANCH_NAME) REFERENCES BRANCH(BRANCH_NAME) 
);

CREATE TABLE DEPOSITOR
(
CUSTOMER_NAME VARCHAR2(50),
ACCOUNT_NO NUMBER(10,2),
PRIMARY KEY(CUSTOMER_NAME),
FOREIGN KEY(ACCOUNT_NO) REFERENCES account(account_no)
);
CREATE TABLE CUSTOMER
(
CUSTOMER_NAME VARCHAR2(50),
CUSTOMER_STREET VARCHAR2(50),
CITY VARCHAR2(50),
PRIMARY KEY(CUSTOMER_STREET),
FOREIGN KEY(CUSTOMER_NAME) references depositor(customer_name)
);
CREATE TABLE LOAN
(
LOAN_NUMBER NUMBER(10,2),
BRANCH_NAME VARCHAR2(50),
AMOUNT NUMBER(10,2),
PRIMARY KEY(LOAN_NUMBER),
FOREIGN KEY(BRANCH_NAME) references branch(branch_name)
);
CREATE TABLE BORROWER
(
CUSTOMER_NAME VARCHAR2(50),
LOAN_NUMBER number(10,2),
FOREIGN KEY(CUSTOMER_NAME) references depositor(customer_name),
FOREIGN KEY(LOAN_NUMBER) references loan(loan_number)
);
INSERT INTO branch values
('SBI PD NAGAR','BANGALORE',200000);
INSERT INTO branch values
('SBI RAJAJI NAGAR','BANGALORE',500000);
INSERT INTO branch values
('SBI JAYANAGAR','BANGALORE',660000);
INSERT INTO branch values
('SBI VIJAY NAGAR','BANGALORE',870000);
INSERT INTO branch values
('SBI HOSAKEREHALLI','BANGALORE',550000);
SELECT * FROM branch;

INSERT INTO account values
(1234602,'SBI HOSAKEREHALLI',5000);
INSERT INTO account values
(1234603,'SBI VIJAY NAGAR',5000);
INSERT INTO account values
(1234604,'SBI JAYANAGAR',5000);
INSERT INTO account values
(1234605,'SBI RAJAJI NAGAR',10000);
INSERT INTO account values
(1234503,'SBI VIJAY NAGAR',40000);
INSERT INTO account values
(1234504,'SBI PD NAGAR',4000);
SELECT * FROM account;

INSERT INTO customer values
('KEZAR','M G ROAD','BANGALORE');
INSERT INTO customer values
('LAL KRISHNA','ST MKS ROAD','BANGALORE');
INSERT INTO customer values
('RAHUL','AUGSTEN ROAD','BANGALORE');
INSERT INTO customer values
('LALLU','V S ROAD','BANGALORE');
INSERT INTO customer values
('FAIZAL','RESEDENCY ROAD','BANGALORE');
INSERT INTO customer values
('RAJEEV','DICKNSN ROAD','BANGALORE');
SELECT * FROM customer;

INSERT INTO loan values
(10011,'SBI JAYANAGAR',10000);
INSERT INTO loan values
(10012,'SBI VIJAY NAGAR',5000);
INSERT INTO loan values
(10013,'SBI HOSAKEREHALLI',20000);
INSERT INTO loan values
(10014,'SBI PD NAGAR',15000);
INSERT INTO loan values
(10015,'SBI RAJAJI NAGAR',25000);
SELECT * FROM loan;

INSERT INTO borrower values
('KEZAR',10011);
INSERT INTO borrower values
('LAL KRISHNA',10012);
INSERT INTO borrower values
('RAHUL',10013);
INSERT INTO borrower values
('LALLU',10014);
INSERT INTO borrower values
('LAL KRISHNA',10015);
SELECT * FROM borrower;
